Reporter Name,Reporter Database Entry [mirbase],Reporter Group [organism],Comment[Contains_Mature_MiRNA],Comment[SPOT_ID]
hsa-mir-034precNo1,hsa-miR-34a,Homo sapiens,yes,NA
hsa-mir-092-prec-X=092-2,hsa-miR-92a,Homo sapiens,yes,NA
hsa-mir-096-prec-7No2,hsa-miR-96,Homo sapiens,yes,NA
hsa-mir-123-precNo1,hsa-miR-126*,Homo sapiens,yes,NA
hsa-mir-124a-3-prec,hsa-mir-124-1,Homo sapiens,yes,NA
hsa-mir-125b-2-precNo1,hsa-miR-125b-2*,Homo sapiens,yes,NA
hsa-mir-134-precNo2,hsa-miR-134,Homo sapiens,yes,NA
hsa-mir-136-precNo2,hsa-miR-136,Homo sapiens,yes,NA
hsa-mir-139-prec,hsa-mir-139,Homo sapiens,no,NA
hsa-mir-152-precNo1,hsa-miR-152,Homo sapiens,yes,NA
hsa-mir-153-2-prec,hsa-miR-153,Homo sapiens,yes,NA
hsa-mir-181a-precNo1,hsa-miR-181a,Homo sapiens,yes,NA
mmu-mir-125b-2No2,mmu-miR-125b*,Mus musculus,yes,NA
mmu-mir-135a-1No2,mmu-miR-135a*,Mus musculus,yes,NA
mmu-mir-140No2,mmu-mir-140,Mus musculus,no,NA
mmu-mir-106bNo2,mmu-miR-106b*,Mus musculus,yes,NA
mmu-mir-192No2,mmu-mir-192,Mus musculus,no,NA
mmu-let-7a-2No2,mmu-let-7a-2,Mus musculus,no,NA
mmu-mir-31No2,mmu-miR-31*,Mus musculus,yes,NA
mmu-mir-98No2,mmu-mir-98,Mus musculus,no,NA
mmu-mir-345No2,mmu-mir-345,Mus musculus,no,NA
mmu-mir-224No2,mmu-mir-224,Mus musculus,no,NA
mmu-mir-181cNo2,mmu-mir-181c,Mus musculus,no,NA
mmu-mir-335No2,mmu-mir-335,Mus musculus,no,NA
hsa-mir-1-1No1,hsa-miR-1,Homo sapiens,yes,NA
hsa-mir-133bNo1,hsa-mir-133b,Homo sapiens,no,NA
hsa-mir-200cNo1,hsa-miR-200c,Homo sapiens,yes,NA
hsa-mir-340No1,hsa-miR-340*,Homo sapiens,yes,NA
hsa-mir-369No1,hsa-mir-369,Homo sapiens,no,NA
hsa-mir-373No1,hsa-miR-373,Homo sapiens,yes,NA
hsa-mir-302bNo2,hsa-miR-302b*,Homo sapiens,yes,NA
hsa-mir-323No2,hsa-mir-323,Homo sapiens,no,NA
hsa-mir-330No2,hsa-mir-330,Homo sapiens,no,NA
mmu-mir-463No1,mmu-miR-463*,Mus musculus,yes,NA
mmu-mir-465No1,mmu-miR-465a-5p,Mus musculus,yes,NA
mmu-mir-467No1,mmu-miR-467d*,Mus musculus,yes,NA
mmu-mir-466 right,mmu-miR-466a-3p,Mus musculus,yes,NA
mmu-mir-140s-prec,mmu-miR-140*,Mus musculus,yes,NA
mmu-mir-144-prec,mmu-miR-144,Mus musculus,yes,NA
mmu-mir-150-prec,mmu-miR-150,Mus musculus,yes,NA
mmu-mir-190-prec,mmu-miR-190,Mus musculus,yes,NA
mmu-mir-194-prec,mmu-miR-194,Mus musculus,yes,NA
mmu-mir-200a-precNo1,mmu-miR-200b,Mus musculus,yes,NA
mmu-mir-216-precNo2,hsa-miR-216a,Homo sapiens,yes,NA
mmu-mir-218-2-precNo2,mmu-mir-218-2,Mus musculus,no,NA
mmu-mir-221-precNo2,mmu-mir-221,Mus musculus,no,NA
mmu-mir-30aNo2,mmu-miR-30a,Mus musculus,yes,NA
mmu-mir-126No2,mmu-mir-126,Mus musculus,no,NA
mmu-mir-9-2No2,mmu-miR-9*,Mus musculus,yes,NA
mmu-mir-293No2,mmu-miR-293*,Mus musculus,yes,NA
mmu-mir-301No2,mmu-mir-301a,Mus musculus,no,NA
mmu-mir-19b-1No2,mmu-mir-19b-1,Mus musculus,no,NA
mmu-mir-326No2,mmu-mir-326,Mus musculus,no,NA
mmu-mir-331No2,mmu-mir-331,Mus musculus,no,NA
mmu-mir-340No2,mmu-mir-340,Mus musculus,no,NA
hsa-mir-492No2,hsa-mir-492,Homo sapiens,no,NA
hsa-mir-494No2,hsa-mir-494,Homo sapiens,no,NA
hsa-mir-496No2,hsa-mir-496,Homo sapiens,no,NA
hsa-mir-504No2,hsa-mir-504,Homo sapiens,no,NA
hsa-mir-506No2,hsa-mir-506,Homo sapiens,no,NA
hsa-mir-508No2,hsa-mir-508,Homo sapiens,no,NA
hsa-mir-514-1No2,hsa-mir-514-3,Homo sapiens,no,NA
hsa-mir-515-13p,hsa-miR-515-3p,Homo sapiens,yes,NA
hsa-mir-516-1No2,hsa-mir-516a-1,Homo sapiens,no,NA
hsa-mir-518a-2,hsa-mir-518a-2,Homo sapiens,no,NA
hsa-mir-518c,hsa-miR-518c,Homo sapiens,yes,NA
hsa-mir-518e,hsa-miR-518e,Homo sapiens,yes,NA
hsa-mir-099-prec-21,hsa-miR-99a,Homo sapiens,yes,NA
hsa-mir-101-prec-9,hsa-miR-101,Homo sapiens,yes,NA
hsa-mir-105-prec-X.1=105-1,hsa-miR-105,Homo sapiens,yes,NA
hsa-mir-128a-precNo2,hsa-miR-128,Homo sapiens,yes,NA
hsa-mir-129-precNo2,hsa-miR-129*,Homo sapiens,yes,NA
hsa-mir-132-precNo2,hsa-miR-132*,Homo sapiens,yes,NA
hsa-mir-141-precNo2,hsa-mir-141,Homo sapiens,no,NA
hsa-mir-144-precNo2,hsa-miR-144*,Homo sapiens,yes,NA
hsa-mir-148-prec,hsa-miR-148a,Homo sapiens,yes,NA
hsa-mir-181c-precNo1,hsa-miR-181c,Homo sapiens,yes,NA
hsa-mir-183-precNo1,hsa-miR-183,Homo sapiens,yes,NA
hsa-mir-185-precNo1,hsa-miR-185,Homo sapiens,yes,NA
mmu-mir-24-1No2,mmu-miR-24,Mus musculus,yes,NA
mmu-mir-296No2,mmu-mir-296,Mus musculus,no,NA
mmu-mir-34cNo2,mmu-miR-34c*,Mus musculus,yes,NA
mmu-let-7eNo2,mmu-let-7e,Mus musculus,no,NA
mmu-mir-16-1No2,mmu-miR-16*,Mus musculus,yes,NA
mmu-mir-21No2,mmu-miR-21*,Mus musculus,yes,NA
mmu-mir-10a-1No2,mmu-mir-10a,Mus musculus,no,NA
mmu-mir-32No2,mmu-mir-32,Mus musculus,no,NA
mmu-mir-219-2No2,mmu-mir-219-2,Mus musculus,no,NA
hsa-mir-302bNo1,hsa-miR-302b,Homo sapiens,yes,NA
hsa-mir-323No1,hsa-mir-323,Homo sapiens,no,NA
hsa-mir-330No1,hsa-mir-330,Homo sapiens,no,NA
hsa-mir-1-1No2,hsa-mir-1-1,Homo sapiens,no,NA
hsa-mir-133bNo2,hsa-mir-133b,Homo sapiens,no,NA
hsa-mir-200cNo2,hsa-miR-200c*,Homo sapiens,yes,NA
hsa-mir-340No2,hsa-miR-340,Homo sapiens,yes,NA
hsa-mir-369No2,hsa-mir-369,Homo sapiens,no,NA
hsa-mir-373No2,hsa-miR-373*,Homo sapiens,yes,NA
mmu-mir-469,mmu-mir-469,Mus musculus,yes,NA
mmu-mir-471No2,mmu-mir-471,Mus musculus,no,NA
mmu-mir-4855p,mmu-miR-485,Mus musculus,yes,NA
hsa_mir_147 right,hsa-mir-147,Homo sapiens,no,NA
mmu-mir-154-prec,mmu-miR-154,Mus musculus,yes,NA
mmu-mir-183-precNo1,mmu-miR-183*,Mus musculus,yes,NA
mmu-mir-186-prec,mmu-miR-186,Mus musculus,yes,NA
mmu-mir-203-precNo1,mmu-miR-203*,Mus musculus,yes,NA
mmu-mir-206-prec,mmu-miR-206,Mus musculus,yes,NA
mmu-mir-213-prec,hsa-mir-181b,Homo sapiens,yes,NA
mmu-mir-224-precformer175No2,mmu-mir-224,Mus musculus,no,NA
mmu-mir-199a-1No2,mmu-mir-199a-1,Mus musculus,no,NA
mmu-mir-199bNo2,mmu-miR-199b,Mus musculus,yes,NA
mmu-mir-22No2,mmu-miR-22*,Mus musculus,yes,NA
mmu-mir-27aNo2,mmu-miR-27a*,Mus musculus,yes,NA
mmu-mir-103-2No2,mmu-mir-103-2,Mus musculus,no,NA
mmu-mir-350No2,mmu-mir-350,Mus musculus,no,NA
mmu-mir-19aNo2,mmu-miR-19a*,Mus musculus,yes,NA
mmu-mir-320No2,mmu-mir-320,Mus musculus,no,NA
hsa-mir-498No2,hsa-mir-498,Homo sapiens,no,NA
hsa-mir-500No2,hsa-mir-500,Homo sapiens,yes,NA
hsa-mir-502No2,hsa-miR-502-3p,Homo sapiens,yes,NA
hsa-mir-510No2,hsa-miR-502-3p,Homo sapiens,yes,NA
hsa-mir-511-2No2,hsa-mir-511-2,Homo sapiens,no,NA
hsa-mir-513-1No2,hsa-mir-513a-2,Homo sapiens,no,NA
hsa-mir-516-33p,hsa-miR-516b*,Homo sapiens,yes,NA
hsa-mir-517a,hsa-miR-517a,Homo sapiens,yes,NA
hsa-mir-517c,hsa-miR-517c,Homo sapiens,yes,NA
hsa-mir-519a-1,hsa-miR-519a,Homo sapiens,yes,NA
hsa-mir-519b,hsa-miR-519c-5p,Homo sapiens,yes,NA
hsa-mir-519dNo2,hsa-mir-519d,Homo sapiens,no,NA
hsa-let-7b-prec,hsa-let-7b,Homo sapiens,yes,NA
hsa-let-7d-v2-precNo1,hsa-let-7i,Homo sapiens,no,NA
hsa-let-7f-1-precNo2,hsa-let-7f,Homo sapiens,yes,NA
hsa-mir-009-3No2,hsa-miR-9*,Homo sapiens,yes,NA
hsa-mir-010b-precNo2,hsa-miR-10b*,Homo sapiens,yes,NA
hsa-mir-015b-precNo2,hsa-miR-15b*,Homo sapiens,yes,NA
hsa-mir-024-1-precNo2,hsa-miR-24-1*,Homo sapiens,yes,NA
hsa-mir-026a-precNo2,hsa-mir-26a-1,Homo sapiens,no,NA
hsa-mir-028-prec,hsa-mir-28,Homo sapiens,no,NA
mmu-mir-125b-2No1,mmu-mir-125b-2,Mus musculus,no,NA
mmu-mir-135a-1No1,mmu-miR-135a,Mus musculus,yes,NA
mmu-mir-140No1,mmu-miR-140,Mus musculus,yes,NA
mmu-mir-106bNo1,mmu-miR-106b,Mus musculus,yes,NA
mmu-mir-192No1,mmu-miR-192,Mus musculus,yes,NA
mmu-let-7a-2No1,mmu-let-7a,Mus musculus,yes,NA
mmu-mir-31No1,mmu-miR-31,Mus musculus,yes,NA
mmu-mir-98No1,mmu-mir-98,Mus musculus,no,NA
mmu-mir-345No1,mmu-mir-345,Mus musculus,no,NA
mmu-mir-224No1,mmu-miR-224,Mus musculus,yes,NA
mmu-mir-181cNo1,mmu-miR-181c,Mus musculus,yes,NA
mmu-mir-335No1,mmu-mir-335,Mus musculus,no,NA
hsa-mir-106aNo1,hsa-miR-106a,Homo sapiens,yes,NA
hsa-mir-135a-1No1,hsa-miR-135a,Homo sapiens,yes,NA
hsa-mir-16-1No1,hsa-miR-16,Homo sapiens,yes,NA
hsa-mir-299No1,hsa-mir-299,Homo sapiens,no,NA
hsa-mir-30c-2No1,hsa-miR-30c,Homo sapiens,yes,NA
hsa-mir-325No1,hsa-miR-325,Homo sapiens,yes,NA
hsa-mir-129-2No2,hsa-miR-129*,Homo sapiens,yes,NA
hsa-mir-15aNo2,hsa-miR-15a*,Homo sapiens,yes,NA
hsa-mir-181b-2No2,hsa-mir-181b-2,Homo sapiens,no,NA
hsa-mir-30c-1No2,hsa-miR-30c-1*,Homo sapiens,yes,NA
hsa-miR-324-5pNo2,hsa-mir-324,Homo sapiens,no,NA
hsa-mir-345No2,hsa-mir-345,Homo sapiens,no,NA
hsa-mir-520a,hsa-mir-520a,Homo sapiens,no,NA
hsa-mir-520c,hsa-mir-520c,Homo sapiens,no,NA
hsa-mir-520eNo2,hsa-mir-520e,Homo sapiens,no,NA
hsa-mir-524,hsa-mir-524,Homo sapiens,no,NA
hsa-mir-526a-1No2,hsa-mir-526a-1,Homo sapiens,no,NA
hsa-mir-526b*,hsa-miR-526b*,Homo sapiens,yes,NA
mmu-mir-370No2,mmu-mir-379,Mus musculus,no,NA
mmu-mir-376aNo2,mmu-miR-376a*,Mus musculus,yes,NA
mmu-mir-377No2,mmu-mir-377,Mus musculus,no,NA
mmu-mir-410No2,mmu-mir-410,Mus musculus,no,NA
mmu-mir-412No2,mmu-mir-412,Mus musculus,no,NA
mmu-mir-429No2,mmu-mir-429,Mus musculus,no,NA
hsa_mir_320_Hcd306 right,hsa-miR-320a,Homo sapiens,yes,NA
hsa-mir-187-precNo2,hsa-mir-187,Homo sapiens,no,NA
hsa-mir-192-2/3No1,hsa-miR-192,Homo sapiens,yes,NA
hsa-mir-194-precNo1,hsa-miR-194,Homo sapiens,yes,NA
hsa-mir-203-precNo2,hsa-mir-203,Homo sapiens,no,NA
hsa-mir-206-precNo1,hsa-miR-206,Homo sapiens,yes,NA
hsa-mir-211-precNo1,hsa-miR-211,Homo sapiens,yes,NA
hsa-mir-219-prec,hsa-mir-219-1,Homo sapiens,no,NA
hsa-mir-222-precNo2,hsa-mir-222,Homo sapiens,no,NA
mmu-let-7g-prec,mmu-let-7g,Mus musculus,yes,NA
mmu-mir-101-prec,mmu-miR-101a,Mus musculus,yes,NA
mmu-mir-123-precNo2,mmu-mir-126,Mus musculus,no,NA
mmu-mir-125b-precNo2,mmu-miR-125b*,Mus musculus,yes,NA
mmu-mir-30aNo1,mmu-miR-30a,Mus musculus,yes,NA
mmu-mir-126No1,mmu-mir-126,Mus musculus,no,NA
mmu-mir-9-2No1,mmu-miR-9,Mus musculus,yes,NA
mmu-mir-293No1,mmu-miR-293,Mus musculus,yes,NA
mmu-mir-301No1,mmu-miR-301a,Mus musculus,yes,NA
mmu-mir-19b-1No1,mmu-miR-19b,Mus musculus,yes,NA
mmu-mir-326No1,mmu-miR-326,Mus musculus,yes,NA
mmu-mir-331No1,mmu-mir-331,Mus musculus,no,NA
mmu-mir-340No1,mmu-mir-340,Mus musculus,no,NA
hsa-mir-20bNo2,hsa-miR-20b*,Homo sapiens,yes,NA
hsa-mir-181dNo2,hsa-mir-181d,Homo sapiens,no,NA
hsa-mir-202,hsa-miR-202,Homo sapiens,yes,NA
hsa-mir-376aNo1,hsa-miR-376a,Homo sapiens,yes,NA
hsa-mir-377No1,hsa-miR-377,Homo sapiens,yes,NA
hsa-mir-379No1,hsa-miR-379,Homo sapiens,yes,NA
hsa-mir-422aNo1,hsa-miR-422a,Homo sapiens,yes,NA
hsa-mir-424No1,hsa-miR-424,Homo sapiens,yes,NA
hsa-mir-429No1,hsa-miR-429,Homo sapiens,yes,NA
hsa-mir-451No2,hsa-mir-451,Homo sapiens,no,NA
hsa-mir-453No2,hsa-mir-453,Homo sapiens,no,NA
hsa-mir-483No2,hsa-mir-483,Homo sapiens,no,NA
hsa-let-7a-1-prec,hsa-let-7a,Homo sapiens,yes,NA
hsa-mir-001b-1-prec1,hsa-miR-1,Homo sapiens,yes,NA
hsa-mir-007-2-precNo2,hsa-miR-7,Homo sapiens,yes,NA
hsa-mir-009-1No2,hsa-miR-9*,Homo sapiens,yes,NA
hsa-mir-017-precNo2,hsa-miR-17,Homo sapiens,yes,NA
hsa-mir-019b-2-prec,hsa-miR-19b,Homo sapiens,yes,NA
hsa-mir-022-prec,hsa-miR-22,Homo sapiens,yes,NA
hsa-mir-030a-precNo1,hsa-miR-30a,Homo sapiens,yes,NA
hsa-mir-030c-prec,hsa-miR-30c,Homo sapiens,yes,NA
hsa-mir-032-precNo1,hsa-miR-32*,Homo sapiens,yes,NA
mmu-mir-24-1No1,mmu-miR-24-1*,Mus musculus,yes,NA
mmu-mir-296No1,mmu-mir-296,Mus musculus,no,NA
mmu-mir-34cNo1,mmu-miR-34c,Mus musculus,yes,NA
mmu-let-7eNo1,mmu-let-7e,Mus musculus,yes,NA
mmu-mir-16-1No1,mmu-miR-16,Mus musculus,yes,NA
mmu-mir-21No1,mmu-miR-21,Mus musculus,yes,NA
mmu-mir-10a-1No1,mmu-mir-10a,Mus musculus,no,NA
mmu-mir-32No1,mmu-mir-32,Mus musculus,no,NA
mmu-mir-219-2No1,mmu-miR-219,Mus musculus,yes,NA
hsa-mir-192No1,hsa-miR-192,Homo sapiens,yes,NA
hsa-mir-196a-2No1,hsa-miR-196a,Homo sapiens,yes,NA
hsa-mir-219-2No1,hsa-mir-219-2,Homo sapiens,no,NA
hsa-mir-346No1,hsa-miR-346,Homo sapiens,yes,NA
hsa-miR-373*No1,hsa-miR-373*,Homo sapiens,yes,NA
hsa-mir-105-2No2,hsa-miR-105*,Homo sapiens,yes,NA
hsa-mir-196a-1No2,hsa-mir-196a-1,Homo sapiens,no,NA
hsa-mir-219-1No2,hsa-mir-219-1,Homo sapiens,no,NA
hsa-mir-296No2,hsa-mir-296,Homo sapiens,no,NA
hsa-mir-34cNo2,hsa-mir-34c,Homo sapiens,no,NA
mmu-mir-486No1,mmu-miR-486,Mus musculus,yes,NA
hsa-mir-520gNo2,hsa-mir-520h,Homo sapiens,no,NA
hsa-mir-521-1No2,hsa-mir-521-1,Homo sapiens,no,NA
hsa-mir-522,hsa-miR-522,Homo sapiens,yes,NA
mmu-mir-1-2No2,mmu-mir-1-2-as,Mus musculus,no,NA
mmu-mir-361No2,hsa-miR-361-3p,Homo sapiens,yes,NA
mmu-mir-365-1No2,mmu-mir-365-1,Mus musculus,no,NA
mmu-mir-379No2,hsa-miR-379*,Homo sapiens,yes,NA
mmu-mir-381No2,mmu-mir-381,Mus musculus,no,NA
mmu-mir-384,mmu-mir-384,Mus musculus,no,NA
mmu-mir-4333p,mmu-miR-433,Mus musculus,yes,NA
mmu-mir-448No2,mmu-mir-448,Mus musculus,no,NA
mmu-mir-451No1,mmu-miR-451,Mus musculus,yes,NA
hsa-mir-196-1-precNo2,hsa-mir-196-1,Homo sapiens,no,NA
hsa-mir-198-prec,hsa-miR-198,Homo sapiens,yes,NA
hsa-mir-199b-precNo2,hsa-mir-199b,Homo sapiens,no,NA
hsa-mir-213-precNo1,hsa-miR-181b,Homo sapiens,yes,NA
hsa-mir-215-precNo2,hsa-mir-215,Homo sapiens,no,NA
hsa-mir-217-precNo2,hsa-miR-217,Homo sapiens,yes,NA
mmu-mir-009-precNo1,mmu-miR-9,Mus musculus,yes,NA
mmu-mir-027b-prec,mmu-miR-27b,Mus musculus,yes,NA
mmu-mir-099a-prec,mmu-miR-99a,Mus musculus,yes,NA
mmu-mir-129b-prec,mmu-mir-129-2,Mus musculus,no,NA
mmu-mir-132-prec,mmu-miR-132,Mus musculus,yes,NA
mmu-mir-135-prec,mmu-miR-135a,Mus musculus,yes,NA
mmu-mir-199a-1No1,mmu-mir-199a-1,Mus musculus,no,NA
mmu-mir-199bNo1,mmu-mir-199b,Mus musculus,no,NA
mmu-mir-22No1,mmu-miR-22,Mus musculus,yes,NA
mmu-mir-27aNo1,mmu-miR-27a,Mus musculus,yes,NA
mmu-mir-103-2No1,mmu-miR-103,Mus musculus,yes,NA
mmu-mir-350No1,mmu-miR-350,Mus musculus,yes,NA
mmu-mir-19aNo1,mmu-miR-19a,Mus musculus,yes,NA
mmu-mir-320No1,mmu-miR-320,Mus musculus,yes,NA
hsa-mir-329-2No2,hsa-mir-329-2,Homo sapiens,no,NA
hsa-mir-362No2,hsa-miR-362-3p,Homo sapiens,yes,NA
hsa-mir-365-1No2,hsa-mir-365-1,Homo sapiens,no,NA
hsa-mir-381No1,hsa-miR-381,Homo sapiens,yes,NA
hsa-mir-383No2,hsa-mir-383,Homo sapiens,no,NA
hsa-mir-410No1,hsa-miR-410,Homo sapiens,yes,NA
hsa-mir-4325p,hsa-miR-432,Homo sapiens,yes,NA
hsa-mir-448No1,hsa-miR-448,Homo sapiens,yes,NA
hsa-mir-450-1,hsa-miR-450a,Homo sapiens,yes,NA
hsa-mir-486,hsa-mir-486,Homo sapiens,no,NA
hsa-mir-488No2,hsa-miR-488,Homo sapiens,yes,NA
hsa-mir-490No2,hsa-mir-490,Homo sapiens,no,NA
hsa-mir-033-prec,hsa-miR-33a,Homo sapiens,yes,NA
hsa-mir-092-prec-13=092-1No2,hsa-miR-92a,Homo sapiens,yes,NA
hsa-mir-096-prec-7No1,hsa-miR-96*,Homo sapiens,yes,NA
hsa-mir-122a-prec,hsa-miR-122,Homo sapiens,yes,NA
hsa-mir-124a-2-prec,hsa-miR-124,Homo sapiens,yes,NA
hsa-mir-125b-1,hsa-miR-125b,Homo sapiens,yes,NA
hsa-mir-134-precNo1,hsa-mir-134,Homo sapiens,no,NA
hsa-mir-136-precNo1,hsa-miR-136*,Homo sapiens,yes,NA
hsa-mir-138-2-prec,hsa-miR-138,Homo sapiens,yes,NA
hsa-mir-151-prec,hsa-mir-151,Homo sapiens,no,NA
hsa-mir-153-1-prec2,hsa-mir-153-1,Homo sapiens,no,NA
hsa-mir-155-prec,hsa-miR-155,Homo sapiens,yes,NA
mmu-mir-125b-1No2,mmu-mir-125b-1,Mus musculus,no,NA
mmu-mir-9-3No2,mmu-miR-9*,Mus musculus,yes,NA
mmu-mir-138-2No2,mmu-mir-138-2,Mus musculus,no,NA
mmu-mir-106aNo2,mmu-mir-106a,Mus musculus,no,NA
mmu-mir-30dNo2,mmu-mir-30d,Mus musculus,no,NA
mmu-let-7a-1No2,mmu-let-7a*,Mus musculus,yes,NA
mmu-mir-26bNo2,mmu-miR-26b*,Mus musculus,yes,NA
mmu-mir-34aNo2,mmu-mir-34a,Mus musculus,no,NA
mmu-mir-339No2,mmu-mir-339,Mus musculus,no,NA
mmu-mir-211No2,mmu-mir-211,Mus musculus,no,NA
mmu-mir-181b-2No2,mmu-mir-181b-2,Mus musculus,no,NA
mmu-mir-7bNo2,mmu-mir-7b,Mus musculus,no,NA
hsa-mir-107No1,hsa-miR-107,Homo sapiens,yes,NA
hsa-mir-130bNo1,hsa-miR-130b,Homo sapiens,yes,NA
hsa-mir-200bNo1,hsa-miR-200b,Homo sapiens,yes,NA
hsa-mir-338No1,hsa-mir-338,Homo sapiens,no,NA
hsa-mir-368No1,hsa-miR-376c,Homo sapiens,yes,NA
hsa-mir-372No1,hsa-miR-372,Homo sapiens,yes,NA
hsa-mir-302aNo2,hsa-miR-302a*,Homo sapiens,yes,NA
hsa-mir-320No2,hsa-mir-320,Homo sapiens,no,NA
mmu-mir-452No2,mmu-mir-452,Mus musculus,no,NA
mmu-mir-464No2,mmu-mir-464,Mus musculus,no,NA
mmu-mir-466No2,mmu-miR-466a-5p,Mus musculus,yes,NA
mmu-mir-466 left,mmu-miR-466a-5p,Mus musculus,yes,NA
mmu-mir-138-prec,mmu-miR-138,Mus musculus,yes,NA
mmu-mir-143-prec,mmu-miR-143,Mus musculus,yes,NA
mmu-mir-149-prec,mmu-miR-149,Mus musculus,yes,NA
mmu-mir-189-prec,mmu-miR-24-1*,Mus musculus,yes,NA
mmu-mir-193-prec,mmu-miR-193,Mus musculus,yes,NA
mmu-mir-199as-prec,mmu-mir-199a-1,Mus musculus,no,NA
mmu-mir-216-precNo1,mmu-mir-216a,Mus musculus,no,NA
mmu-mir-218-2-precNo1,mmu-miR-218,Mus musculus,yes,NA
mmu-mir-221-precNo1,mmu-miR-221,Mus musculus,yes,NA
mmu-mir-29b-2No2,mmu-mir-29b-2,Mus musculus,no,NA
mmu-mir-124a-3No2,mmu-miR-124*,Mus musculus,yes,NA
mmu-mir-9-1No2,mmu-miR-9,Mus musculus,yes,NA
mmu-mir-292No2,mmu-mir-292,Mus musculus,no,NA
mmu-mir-300No2,mmu-miR-300*,Mus musculus,yes,NA
mmu-mir-130bNo2,mmu-miR-130b*,Mus musculus,yes,NA
mmu-mir-324No2,mmu-mir-324,Mus musculus,no,NA
mmu-mir-330No2,mmu-miR-330,Mus musculus,yes,NA
mmu-mir-338No2,mmu-mir-338,Mus musculus,no,NA
hsa-mir-492No1,hsa-miR-492,Homo sapiens,yes,NA
hsa-mir-494No1,hsa-miR-494,Homo sapiens,yes,NA
hsa-mir-496No1,hsa-miR-496,Homo sapiens,yes,NA
hsa-mir-504No1,hsa-miR-504,Homo sapiens,yes,NA
hsa-mir-506No1,hsa-miR-506,Homo sapiens,yes,NA
hsa-mir-508No1,hsa-mir-508,Homo sapiens,no,NA
hsa-mir-514-1No1,hsa-miR-514,Homo sapiens,yes,NA
hsa-mir-515-15p,hsa-miR-515-5p,Homo sapiens,yes,NA
hsa-mir-516-1No1,hsa-mir-516a-2,Homo sapiens,no,NA
hsa-mir-518a-2*,hsa-mir-518a-2,Homo sapiens,no,NA
hsa-mir-518c*,hsa-miR-518c*,Homo sapiens,yes,NA
hsa-mir-518e/526c,hsa-miR-518e*,Homo sapiens,yes,NA
hsa-mir-099b-prec-19No2,hsa-miR-99b,Homo sapiens,yes,NA
hsa-mir-101-1/2-precNo2,hsa-miR-101,Homo sapiens,yes,NA
hsa-mir-103-prec-5=103-1,hsa-miR-103,Homo sapiens,yes,NA
hsa-mir-128a-precNo1,hsa-mir-128-1,Homo sapiens,no,NA
hsa-mir-129-precNo1,hsa-miR-129-5p,Homo sapiens,yes,NA
hsa-mir-132-precNo1,hsa-miR-132,Homo sapiens,yes,NA
hsa-mir-141-precNo1,hsa-miR-141,Homo sapiens,yes,NA
hsa-mir-144-precNo1,hsa-miR-144,Homo sapiens,yes,NA
hsa-mir-147-prec,hsa-miR-147,Homo sapiens,yes,NA
hsa-mir-181b-precNo2,hsa-miR-181a*,Homo sapiens,yes,NA
hsa-mir-182-precNo2,hsa-mir-182,Homo sapiens,no,NA
hsa-mir-184-precNo2,hsa-mir-184,Homo sapiens,no,NA
mmu-mir-181aNo2,mmu-mir-181a-2,Mus musculus,no,NA
mmu-mir-299No2,mmu-miR-299,Mus musculus,yes,NA
mmu-let-7c-2No2,mmu-let-7c-2*,Mus musculus,yes,NA
mmu-mir-15aNo2,mmu-miR-15a*,Mus musculus,yes,NA
mmu-mir-20No2,mmu-mir-20a,Mus musculus,no,NA
mmu-mir-135bNo2,mmu-mir-135b,Mus musculus,no,NA
mmu-mir-28No2,mmu-miR-28*,Mus musculus,yes,NA
mmu-mir-219-1No2,mmu-mir-219-1,Mus musculus,no,NA
hsa-mir-302aNo1,hsa-miR-302a,Homo sapiens,yes,NA
hsa-mir-320No1,hsa-miR-320,Homo sapiens,yes,NA
hsa-mir-328No1,hsa-miR-328,Homo sapiens,yes,NA
hsa-mir-107No2,hsa-mir-107,Homo sapiens,no,NA
hsa-mir-130bNo2,hsa-miR-130b*,Homo sapiens,yes,NA
hsa-mir-200bNo2,hsa-miR-200b*,Homo sapiens,yes,NA
hsa-mir-338No2,hsa-mir-338,Homo sapiens,no,NA
hsa-mir-368No2,hsa-mir-376c,Homo sapiens,no,NA
hsa-mir-372No2,hsa-mir-372,Homo sapiens,no,NA
mmu-mir-468No2,mmu-mir-468,Mus musculus,no,NA
mmu-mir-471No1,mmu-mir-471,Mus musculus,yes,NA
mmu-mir-484,mmu-miR-484,Mus musculus,yes,NA
mmu-mir-153-prec,mmu-mir-153,Mus musculus,yes,NA
mmu-mir-182-prec,mmu-miR-182,Mus musculus,yes,NA
mmu-mir-185-prec,mmu-miR-185,Mus musculus,yes,NA
mmu-mir-202-prec,mmu-mir-202,Mus musculus,no,NA
mmu-mir-205-prec,mmu-miR-205,Mus musculus,yes,NA
mmu-mir-212-precNo2,mmu-mir-212,Mus musculus,no,NA
mmu-mir-224-precformer175No1,mmu-miR-224,Mus musculus,yes,NA
mmu-mir-133a-2No2,mmu-miR-133a*,Mus musculus,yes,NA
mmu-mir-194-2No2,mmu-miR-194,Mus musculus,yes,NA
mmu-mir-199a-2No2,mmu-mir-199a-2,Mus musculus,no,NA
mmu-mir-208No2,mmu-mir-208a,Mus musculus,no,NA
mmu-mir-29cNo2,mmu-miR-29c*,Mus musculus,yes,NA
mmu-mir-103-1No2,mmu-mir-103-1,Mus musculus,no,NA
mmu-mir-344No2,mmu-mir-344-1,Mus musculus,no,NA
mmu-mir-17No2,mmu-miR-17*,Mus musculus,yes,NA
mmu-mir-210No2,mmu-mir-210,Mus musculus,no,NA
hsa-mir-498No1,hsa-miR-498,Homo sapiens,yes,NA
hsa-mir-500No1,hsa-miR-500*,Homo sapiens,yes,NA
hsa-mir-502No1,hsa-mir-502,Homo sapiens,no,NA
hsa-mir-510No1,hsa-miR-510,Homo sapiens,yes,NA
hsa-mir-511-2No1,hsa-miR-511,Homo sapiens,yes,NA
hsa-mir-513-1No1,hsa-mir-513a-1,Homo sapiens,no,NA
hsa-mir-516-35p,hsa-miR-516b,Homo sapiens,yes,NA
hsa-mir-517*,hsa-miR-517*,Homo sapiens,yes,NA
hsa-mir-517c*,hsa-miR-517*,Homo sapiens,yes,NA
hsa-mir-519a-1/526c,hsa-miR-519a*,Homo sapiens,yes,NA
hsa-mir-519b/526c,hsa-miR-523*,Homo sapiens,yes,NA
hsa-mir-519dNo1,hsa-miR-519d,Homo sapiens,yes,NA
hsa-let-7a-3-prec,hsa-let-7a,Homo sapiens,yes,NA
hsa-let-7d-v1-prec,hsa-let-7d,Homo sapiens,yes,NA
hsa-let-7f-1-precNo1,hsa-let-7f-1,Homo sapiens,no,NA
hsa-mir-009-3No1,hsa-mir-9,Homo sapiens,yes,NA
hsa-mir-010b-precNo1,hsa-miR-10b,Homo sapiens,yes,NA
hsa-mir-015b-precNo1,hsa-miR-15b,Homo sapiens,yes,NA
hsa-mir-024-1-precNo1,hsa-miR-24,Homo sapiens,yes,NA
hsa-mir-026a-precNo1,hsa-miR-26a,Homo sapiens,yes,NA
hsa-mir-027b-prec,hsa-miR-27b,Homo sapiens,yes,NA
mmu-mir-125b-1No1,mmu-mir-125b-1,Mus musculus,no,NA
mmu-mir-9-3No1,mmu-miR-9,Mus musculus,yes,NA
mmu-mir-138-2No1,mmu-mir-138-2,Mus musculus,no,NA
mmu-mir-106aNo1,mmu-miR-106a,Mus musculus,yes,NA
mmu-mir-30dNo1,mmu-miR-30d,Mus musculus,yes,NA
mmu-let-7a-1No1,mmu-let-7a,Mus musculus,yes,NA
mmu-mir-26bNo1,mmu-miR-26b,Mus musculus,yes,NA
mmu-mir-34aNo1,mmu-miR-34a,Mus musculus,yes,NA
mmu-mir-339No1,mmu-mir-339,Mus musculus,no,NA
mmu-mir-211No1,mmu-miR-211,Mus musculus,yes,NA
mmu-mir-181b-2No1,mmu-miR-181b,Mus musculus,yes,NA
mmu-mir-7bNo1,mmu-mir-7b,Mus musculus,no,NA
hsa-mir-105-2No1,hsa-miR-105,Homo sapiens,yes,NA
hsa-mir-129-2No1,hsa-mir-129-2,Homo sapiens,no,NA
hsa-mir-15aNo1,hsa-miR-15a,Homo sapiens,yes,NA
hsa-mir-296No1,hsa-miR-296-5p,Homo sapiens,yes,NA
hsa-mir-30c-1No1,hsa-miR-30c,Homo sapiens,yes,NA
hsa-miR-324-5pNo1,hsa-mir-324,Homo sapiens,no,NA
hsa-miR-126*No2,hsa-mir-126*,Homo sapiens,no,NA
hsa-mir-135bNo2,hsa-miR-135b*,Homo sapiens,yes,NA
hsa-mir-181b-1No2,hsa-mir-181b-1,Homo sapiens,no,NA
hsa-miR-302c*No2,hsa-miR-302c,Homo sapiens,yes,NA
hsa-mir-339No2,hsa-mir-339,Homo sapiens,no,NA
hsa-mir-520a*,hsa-mir-520a,Homo sapiens,no,NA
hsa-mir-520c/526a,hsa-mir-520c,Homo sapiens,no,NA
hsa-mir-520eNo1,hsa-miR-520e,Homo sapiens,yes,NA
hsa-mir-524*,hsa-mir-524,Homo sapiens,no,NA
hsa-mir-526a-1No1,hsa-miR-526a,Homo sapiens,yes,NA
hsa-mir-526b,hsa-miR-526b,Homo sapiens,yes,NA
mmu-mir-370No1,hsa-miR-370,Homo sapiens,yes,NA
mmu-mir-376aNo1,mmu-miR-376a,Mus musculus,yes,NA
mmu-mir-377No1,mmu-miR-377,Mus musculus,yes,NA
mmu-mir-410No1,mmu-miR-410,Mus musculus,yes,NA
mmu-mir-412No1,hsa-miR-412,Homo sapiens,yes,NA
mmu-mir-429No1,mmu-miR-429,Mus musculus,yes,NA
hsa-mir-187-precNo1,hsa-miR-187,Homo sapiens,yes,NA
hsa-mir-191-prec,hsa-miR-191,Homo sapiens,yes,NA
hsa-mir-193-precNo2,hsa-mir-193a,Homo sapiens,no,NA
hsa-mir-203-precNo1,hsa-miR-203,Homo sapiens,yes,NA
hsa-mir-205-prec,hsa-miR-205,Homo sapiens,yes,NA
hsa-mir-210-prec,hsa-miR-210,Homo sapiens,yes,NA
hsa-mir-218-2-precNo2,hsa-miR-218,Homo sapiens,yes,NA
hsa-mir-222-precNo1,hsa-miR-222,Homo sapiens,yes,NA
hsa-mir-29b-2=102prec7.1=7.2,hsa-miR-29b,Homo sapiens,yes,NA
mmu-mir-100-prec,mmu-miR-100,Mus musculus,yes,NA
mmu-mir-123-precNo1,mmu-mir-126,Mus musculus,no,NA
mmu-mir-125b-precNo1,mmu-mir-125b-2,Mus musculus,no,NA
mmu-mir-29b-2No1,mmu-miR-29b,Mus musculus,yes,NA
mmu-mir-124a-3No1,mmu-miR-124,Mus musculus,yes,NA
mmu-mir-9-1No1,mmu-miR-9*,Mus musculus,yes,NA
mmu-mir-292No1,mmu-mir-292,Mus musculus,no,NA
mmu-mir-300No1,mmu-miR-300,Mus musculus,yes,NA
mmu-mir-130bNo1,mmu-miR-130b,Mus musculus,yes,NA
mmu-mir-324No1,mmu-mir-324,Mus musculus,no,NA
mmu-mir-330No1,mmu-miR-330*,Mus musculus,yes,NA
mmu-mir-338No1,mmu-mir-338,Mus musculus,no,NA
hsa-mir-20bNo1,hsa-miR-20b,Homo sapiens,yes,NA
hsa-mir-181dNo1,hsa-miR-181d,Homo sapiens,yes,NA
hsa-mir-202*,hsa-miR-202*,Homo sapiens,yes,NA
hsa-mir-375,hsa-miR-375,Homo sapiens,yes,NA
hsa-mir-376bNo2,hsa-mir-376b,Homo sapiens,no,NA
hsa-mir-378No2,hsa-miR-378,Homo sapiens,yes,NA
hsa-mir-412No2,hsa-mir-412,Homo sapiens,no,NA
hsa-mir-423No2,hsa-mir-423,Homo sapiens,no,NA
hsa-mir-425No2,hsa-miR-425,Homo sapiens,yes,NA
hsa-mir-451No1,hsa-miR-451,Homo sapiens,yes,NA
hsa-mir-453No1,hsa-miR-453,Homo sapiens,yes,NA
hsa-mir-483No1,hsa-mir-483,Homo sapiens,no,NA
hsa-let-7g-precNo2,hsa-let-7g,Homo sapiens,no,NA
hsa-mir-007-2-precNo1,hsa-miR-7-2*,Homo sapiens,yes,NA
hsa-mir-009-1No1,hsa-miR-9,Homo sapiens,yes,NA
hsa-mir-017-precNo1,hsa-miR-17*,Homo sapiens,yes,NA
hsa-mir-019b-1-prec,hsa-miR-19b,Homo sapiens,yes,NA
hsa-mir-021-prec-17No2,hsa-miR-21,Homo sapiens,yes,NA
hsa-mir-029c-prec,hsa-miR-29c,Homo sapiens,yes,NA
hsa-mir-030b-precNo2,hsa-miR-30b*,Homo sapiens,yes,NA
hsa-mir-031-prec,hsa-mir-31,Homo sapiens,no,NA
mmu-mir-181aNo1,mmu-miR-181a,Mus musculus,yes,NA
mmu-mir-299No1,mmu-miR-299*,Mus musculus,yes,NA
mmu-let-7c-2No1,mmu-let-7c,Mus musculus,yes,NA
mmu-mir-15aNo1,mmu-miR-15a,Mus musculus,yes,NA
mmu-mir-20No1,mmu-mir-20a,Mus musculus,no,NA
mmu-mir-135bNo1,mmu-miR-135b,Mus musculus,yes,NA
mmu-mir-28No1,mmu-miR-28,Mus musculus,yes,NA
mmu-mir-219-1No1,mmu-miR-219,Mus musculus,yes,NA
hsa-mir-181b-2No1,hsa-miR-181b,Homo sapiens,yes,NA
hsa-mir-196a-1No1,hsa-miR-196a,Homo sapiens,yes,NA
hsa-mir-219-1No1,hsa-mir-219-1,Homo sapiens,no,NA
hsa-mir-345No1,hsa-miR-345,Homo sapiens,yes,NA
hsa-mir-34cNo1,hsa-mir-34c,Homo sapiens,no,NA
hsa-mir-100No2,hsa-miR-100*,Homo sapiens,yes,NA
hsa-mir-194-2No2,hsa-miR-194*,Homo sapiens,yes,NA
hsa-mir-21No2,hsa-miR-21*,Homo sapiens,yes,NA
hsa-mir-26a-2No2,hsa-miR-26a-2*,Homo sapiens,yes,NA
hsa-mir-34bNo2,hsa-miR-34b,Homo sapiens,yes,NA
mmu-mir-4853p,mmu-miR-485*,Mus musculus,yes,NA
hsa-mir-520gNo1,hsa-miR-520g,Homo sapiens,yes,NA
hsa-mir-521-1No1,hsa-miR-521,Homo sapiens,yes,NA
hsa-mir-522/526c,hsa-miR-522*,Homo sapiens,yes,NA
mmu-mir-1-2No1,mmu-miR-1,Mus musculus,yes,NA
mmu-mir-361No1,mmu-mir-361,Mus musculus,yes,NA
mmu-mir-365-1No1,hsa-miR-365,Homo sapiens,yes,NA
mmu-mir-379No1,hsa-miR-379,Homo sapiens,yes,NA
mmu-mir-381No1,mmu-miR-381,Mus musculus,yes,NA
mmu-mir-383No2,mmu-mir-383,Mus musculus,no,NA
mmu-mir-4335p,mmu-miR-433*,Mus musculus,yes,NA
mmu-mir-448No1,mmu-miR-448,Mus musculus,yes,NA
mmu-mir-450,mmu-mir-450a-1,Mus musculus,no,NA
hsa-mir-196-1-precNo1,hsa-miR-196a,Homo sapiens,yes,NA
hsa-mir-197-prec,hsa-miR-197,Homo sapiens,yes,NA
hsa-mir-199b-precNo1,hsa-mir-199b,Homo sapiens,no,NA
hsa-mir-212-precNo2,hsa-mir-212,Homo sapiens,no,NA
hsa-mir-215-precNo1,hsa-miR-215,Homo sapiens,yes,NA
hsa-mir-217-precNo1,hsa-mir-217,Homo sapiens,no,NA
mmu-mir-001d-prec,mmu-miR-1,Mus musculus,yes,NA
mmu-mir-023b-prec,mmu-miR-23b,Mus musculus,yes,NA
mmu-mir-030e-prec,mmu-miR-30e,Mus musculus,yes,NA
mmu-mir-128-precNo2,mmu-mir-128-1,Mus musculus,no,NA
mmu-mir-131-3-prec,mmu-miR-9*,Mus musculus,yes,NA
mmu-mir-134-precNo2,mmu-miR-134,Mus musculus,yes,NA
mmu-mir-133a-2No1,mmu-mir-133a-2,Mus musculus,no,NA
mmu-mir-194-2No1,mmu-mir-194-2,Mus musculus,no,NA
mmu-mir-199a-2No1,mmu-mir-199a-2,Mus musculus,no,NA
mmu-mir-208No1,mmu-miR-208a,Mus musculus,yes,NA
mmu-mir-29cNo1,mmu-miR-29c,Mus musculus,yes,NA
mmu-mir-103-1No1,mmu-miR-103,Mus musculus,yes,NA
mmu-mir-344No1,mmu-miR-344,Mus musculus,yes,NA
mmu-mir-17No1,mmu-miR-17,Mus musculus,yes,NA
mmu-mir-210No1,mmu-mir-210,Mus musculus,no,NA
hsa-mir-329-2No1,hsa-miR-329,Homo sapiens,yes,NA
hsa-mir-362No1,hsa-miR-362-5p,Homo sapiens,yes,NA
hsa-mir-365-1No1,hsa-miR-365,Homo sapiens,yes,NA
hsa-mir-380-3p,hsa-miR-380,Homo sapiens,yes,NA
hsa-mir-383No1,hsa-miR-383,Homo sapiens,yes,NA
hsa-mir-409-3p,hsa-miR-409-3p,Homo sapiens,yes,NA
hsa-mir-431No2,hsa-mir-431,Homo sapiens,no,NA
hsa-mir-433No2,hsa-mir-433,Homo sapiens,no,NA
hsa-mir-449No2,hsa-mir-449a,Homo sapiens,no,NA
hsa-mir-485-3p,hsa-mir-485,Homo sapiens,no,NA
hsa-mir-488No1,hsa-miR-488*,Homo sapiens,yes,NA
hsa-mir-490No1,hsa-mir-490,Homo sapiens,no,NA
hsa-mir-033b-prec,hsa-miR-33b,Homo sapiens,yes,NA
hsa-mir-092-prec-13=092-1No1,hsa-miR-92a-1*,Homo sapiens,yes,NA
hsa-mir-095-prec-4,hsa-miR-95,Homo sapiens,yes,NA
hsa-mir-107-prec-10,hsa-miR-107,Homo sapiens,yes,NA
hsa-mir-124a-1-prec1,hsa-miR-124,Homo sapiens,yes,NA
hsa-mir-125a-precNo2,hsa-mir-125a,Homo sapiens,no,NA
hsa-mir-133a-2,hsa-mir-133a-2,Homo sapiens,no,NA
hsa-mir-135-2-prec,hsa-miR-135a,Homo sapiens,yes,NA
hsa-mir-138-1-prec,hsa-miR-138,Homo sapiens,yes,NA
hsa-mir-150-prec,hsa-miR-150,Homo sapiens,yes,NA
hsa-mir-153-1-prec1,hsa-miR-153,Homo sapiens,yes,NA
hsa-mir-154-prec1No2,hsa-miR-154*,Homo sapiens,yes,NA
mmu-mir-138-1No2,mmu-miR-138*,Mus musculus,yes,NA
mmu-let-7dNo2,mmu-let-7d*,Mus musculus,yes,NA
mmu-mir-30c-2No2,mmu-miR-30c-2*,Mus musculus,yes,NA
mmu-mir-196a-2No2,mmu-miR-196a*,Mus musculus,yes,NA
mmu-mir-26a-2No2,mmu-mir-26a-2,Mus musculus,no,NA
mmu-mir-96No2,mmu-mir-96,Mus musculus,no,NA
mmu-mir-325No2,mmu-mir-325,Mus musculus,no,NA
mmu-mir-33No2,mmu-mir-33,Mus musculus,no,NA
mmu-mir-181b-1No2,mmu-mir-181b-1,Mus musculus,no,NA
mmu-mir-7-2No2,mmu-mir-7a-2,Mus musculus,no,NA
hsa-mir-101-2No1,hsa-miR-101,Homo sapiens,yes,NA
hsa-mir-126No1,hsa-miR-26,Homo sapiens,no,NA
hsa-mir-148bNo1,hsa-miR-148b,Homo sapiens,yes,NA
hsa-mir-337No1,hsa-mir-337,Homo sapiens,no,NA
hsa-mir-367No1,hsa-miR-367,Homo sapiens,yes,NA
hsa-mir-371No1,hsa-mir-371,Homo sapiens,no,NA
hsa-mir-301No2,hsa-mir-301a,Homo sapiens,no,NA
hsa-mir-302dNo2,hsa-miR-302d*,Homo sapiens,yes,NA
hsa-mir-326No2,hsa-mir-326,Homo sapiens,no,NA
mmu-mir-452No1,mmu-miR-452,Mus musculus,yes,NA
mmu-mir-464No1,mmu-miR-464,Mus musculus,yes,NA
mmu-mir-466No1,mmu-miR-466a-3p,Mus musculus,yes,NA
mmu-mir-137-prec,mmu-miR-137,Mus musculus,yes,NA
mmu-mir-142-prec,mmu-mir-142,Mus musculus,no,NA
mmu-mir-146-prec,mmu-miR-146a,Mus musculus,yes,NA
mmu-mir-188-prec,mmu-mir-188,Mus musculus,no,NA
mmu-mir-192-2/3-prec,mmu-mir-192,Mus musculus,yes,NA
mmu-mir-196-prec,mmu-miR-196a,Mus musculus,yes,NA
mmu-mir-215-prec,mmu-miR-215,Mus musculus,yes,NA
mmu-mir-217-precNo2,mmu-mir-217,Mus musculus,no,NA
mmu-mir-219-precNo2,mmu-mir-219-1,Mus musculus,no,NA
mmu-mir-29b-1No2,mmu-miR-29b*,Mus musculus,yes,NA
mmu-mir-124a-2No2,mmu-mir-124-2,Mus musculus,no,NA
mmu-mir-130aNo2,mmu-mir-130a,Mus musculus,no,NA
mmu-mir-291No2,mmu-mir-291a,Mus musculus,no,NA
mmu-mir-295No2,mmu-miR-295*,Mus musculus,yes,NA
mmu-mir-323No2,mmu-mir-323,Mus musculus,no,NA
mmu-mir-329No2,mmu-mir-329,Mus musculus,no,NA
mmu-mir-148bNo2,mmu-mir-148b,Mus musculus,no,NA
mmu-mir-133bNo2,mmu-mir-133b,Mus musculus,no,NA
hsa-mir-491No2,hsa-mir-491,Homo sapiens,no,NA
hsa-mir-493No2,hsa-miR-493,Homo sapiens,yes,NA
hsa-mir-495No2,hsa-mir-495,Homo sapiens,no,NA
hsa-mir-503No2,hsa-mir-503,Homo sapiens,no,NA
hsa-mir-505No2,hsa-miR-505*,Homo sapiens,yes,NA
hsa-mir-507No2,hsa-mir-507,Homo sapiens,no,NA
hsa-mir-513-2No2,hsa-mir-513a-2,Homo sapiens,no,NA
hsa-mir-514-2&3No2,hsa-mir-514-3,Homo sapiens,no,NA
hsa-mir-515-23p,hsa-miR-515-3p,Homo sapiens,yes,NA
hsa-mir-518a-1,hsa-mir-518a-2,Homo sapiens,no,NA
hsa-mir-518bNo2,hsa-miR-519c-5p,Homo sapiens,yes,NA
hsa-mir-518dNo2,hsa-mir-518d,Homo sapiens,no,NA
hsa-mir-099b-prec-19No1,hsa-miR-99b*,Homo sapiens,yes,NA
hsa-mir-101-1/2-precNo1,hsa-miR-101*,Homo sapiens,yes,NA
hsa-mir-103-2-prec,hsa-miR-103,Homo sapiens,yes,NA
hsa-mir-127-prec,hsa-mir-127,Homo sapiens,no,NA
hsa-mir-128b-precNo2,hsa-mir-128-2,Homo sapiens,no,NA
hsa-mir-130a-precNo2,hsa-miR-130a,Homo sapiens,yes,NA
hsa-mir-140No2,hsa-mir-140,Homo sapiens,no,NA
hsa-mir-143-prec,hsa-miR-143,Homo sapiens,yes,NA
hsa-mir-146-prec,hsa-miR-146a,Homo sapiens,yes,NA
hsa-mir-181b-precNo1,hsa-miR-181a,Homo sapiens,yes,NA
hsa-mir-182-precNo1,hsa-miR-182*,Homo sapiens,yes,NA
hsa-mir-184-precNo1,hsa-miR-184,Homo sapiens,yes,NA
mmu-mir-129-2No2,mmu-mir-129-2,Mus musculus,no,NA
mmu-mir-298No2,mmu-mir-298,Mus musculus,no,NA
mmu-let-7c-1No2,mmu-let-7c-1*,Mus musculus,yes,NA
mmu-let-7f-2No2,mmu-let-7f-2,Mus musculus,no,NA
mmu-mir-18No2,mmu-miR-18a*,Mus musculus,yes,NA
mmu-mir-351No2,mmu-mir-351,Mus musculus,no,NA
mmu-mir-218-1No2,mmu-mir-218-1,Mus musculus,no,NA
hsa-mir-301No1,hsa-miR-301a,Homo sapiens,yes,NA
hsa-mir-302dNo1,hsa-miR-302d,Homo sapiens,yes,NA
hsa-mir-326No1,hsa-miR-326,Homo sapiens,yes,NA
hsa-mir-101-2No2,hsa-mir-101-2,Homo sapiens,no,NA
hsa-mir-126No2,hsa-mir-126,Homo sapiens,no,NA
hsa-mir-148bNo2,hsa-miR-148b*,Homo sapiens,yes,NA
hsa-mir-337No2,hsa-mir-337,Homo sapiens,no,NA
hsa-mir-367No2,hsa-miR-367*,Homo sapiens,yes,NA
hsa-mir-371No2,hsa-mir-371,Homo sapiens,no,NA
mmu-mir-468No1,mmu-miR-468,Mus musculus,yes,NA
mmu-mir-470No2,mmu-miR-470*,Mus musculus,yes,NA
mmu-mir-483No2,mmu-miR-483,Mus musculus,yes,NA
mmu-mir-152-prec,mmu-miR-152,Mus musculus,yes,NA
mmu-mir-181-prec,mmu-miR-181a,Mus musculus,yes,NA
mmu-mir-184-prec,mmu-miR-184,Mus musculus,yes,NA
mmu-mir-201-prec,mmu-miR-201,Mus musculus,yes,NA
mmu-mir-204-prec,mmu-miR-204,Mus musculus,yes,NA
mmu-mir-212-precNo1,mmu-miR-212,Mus musculus,yes,NA
mmu-mir-223-prec,mmu-miR-223,Mus musculus,yes,NA
mmu-mir-133a-1No2,mmu-miR-133a*,Mus musculus,yes,NA
mmu-mir-194-1No2,mmu-miR-194,Mus musculus,yes,NA
mmu-mir-148aNo2,mmu-miR-148a*,Mus musculus,yes,NA
mmu-mir-29aNo2,mmu-miR-29a*,Mus musculus,yes,NA
mmu-mir-92-2No2,mmu-miR-92a*,Mus musculus,yes,NA
mmu-mir-342No2,mmu-mir-342,Mus musculus,no,NA
mmu-mir-107No2,mmu-mir-107,Mus musculus,no,NA
mmu-mir-200cNo2,mmu-miR-200c*,Mus musculus,yes,NA
hsa-mir-497No2,hsa-mir-497,Homo sapiens,no,NA
hsa-mir-499No2,hsa-mir-499,Homo sapiens,no,NA
hsa-mir-501No2,hsa-miR-501-3p,Homo sapiens,yes,NA
hsa-mir-509No2,hsa-mir-509-2,Homo sapiens,no,NA
hsa-mir-511-1No2,hsa-mir-511-2,Homo sapiens,no,NA
hsa-mir-512-1&23p,hsa-mir-512-2,Homo sapiens,no,NA
hsa-mir-516-2No2,hsa-mir-516a-2,Homo sapiens,no,NA
hsa-mir-516-43p,hsa-miR-516b*,Homo sapiens,yes,NA
hsa-mir-517b,hsa-miR-517*,Homo sapiens,yes,NA
hsa-mir-518f,hsa-miR-518f,Homo sapiens,yes,NA
hsa-mir-519a-2No2,hsa-mir-519a-2,Homo sapiens,no,NA
hsa-mir-519c,hsa-mir-519c,Homo sapiens,no,NA
hsa-let-7a-2-precNo2,hsa-let-7a,Homo sapiens,yes,NA
hsa-let-7d-prec,hsa-let-7d,Homo sapiens,yes,NA
hsa-let-7e-prec,hsa-let-7e,Homo sapiens,yes,NA
hsa-mir-009-2No2,hsa-miR-9*,Homo sapiens,yes,NA
hsa-mir-010a-precNo2,hsa-miR-10a*,Homo sapiens,yes,NA
hsa-mir-015a-2-precNo2,hsa-miR-15a*,Homo sapiens,yes,NA
hsa-mir-023b-prec,hsa-miR-23b,Homo sapiens,yes,NA
hsa-mir-025-prec,hsa-miR-25,Homo sapiens,yes,NA
hsa-mir-027a-prec,hsa-miR-27a,Homo sapiens,yes,NA
mmu-mir-138-1No1,mmu-miR-138,Mus musculus,yes,NA
mmu-let-7dNo1,mmu-let-7d,Mus musculus,yes,NA
mmu-mir-30c-2No1,mmu-miR-30c,Mus musculus,yes,NA
mmu-mir-196a-2No1,mmu-miR-196a,Mus musculus,yes,NA
mmu-mir-26a-2No1,mmu-miR-26a,Mus musculus,yes,NA
mmu-mir-96No1,mmu-miR-96,Mus musculus,yes,NA
mmu-mir-325No1,mmu-miR-325*,Mus musculus,yes,NA
mmu-mir-33No1,mmu-miR-33,Mus musculus,yes,NA
mmu-mir-181b-1No1,mmu-mir-181b-1,Mus musculus,no,NA
mmu-mir-7-2No1,mmu-miR-7a,Mus musculus,yes,NA
hsa-mir-100No1,hsa-miR-100,Homo sapiens,yes,NA
hsa-miR-126*No1,hsa-miR-126*,Homo sapiens,yes,NA
hsa-mir-135bNo1,hsa-miR-135b,Homo sapiens,yes,NA
hsa-mir-26a-2No1,hsa-miR-26a,Homo sapiens,yes,NA
hsa-miR-302c*No1,hsa-miR-302c*,Homo sapiens,yes,NA
hsa-mir-321No1,hsa-mir-321,Homo sapiens,no,NA
hsa-mir-106bNo2,hsa-miR-106b*,Homo sapiens,yes,NA
hsa-mir-135a-2No2,hsa-mir-135a-2,Homo sapiens,no,NA
hsa-mir-16-2No2,hsa-miR-16-2*,Homo sapiens,yes,NA
hsa-miR-302b*No2,hsa-miR-302b,Homo sapiens,yes,NA
hsa-mir-30eNo2,hsa-mir-30e,Homo sapiens,no,NA
hsa-mir-335No2,hsa-miR-335*,Homo sapiens,yes,NA
hsa-mir-519e,hsa-miR-519e*,Homo sapiens,yes,NA
hsa-mir-520bNo2,hsa-miR-519c-5p,Homo sapiens,yes,NA
hsa-mir-520d,hsa-mir-520d,Homo sapiens,no,NA
hsa-mir-523,hsa-miR-523,Homo sapiens,yes,NA
hsa-mir-525*,hsa-mir-525,Homo sapiens,no,NA
hsa-mir-526a-2No2,hsa-mir-516b-1,Homo sapiens,no,NA
mmu-mir-365-2No2,mmu-mir-365-2,Mus musculus,no,NA
mmu-mir-375No2,mmu-mir-375,Mus musculus,no,NA
mmu-mir-376bNo2,mmu-miR-376b*,Mus musculus,yes,NA
mmu-mir-409No2,mmu-mir-409,Mus musculus,no,NA
mmu-mir-411No2,mmu-miR-411,Mus musculus,yes,NA
mmu-mir-425No2,mmu-miR-425,Mus musculus,yes,NA
hsa-mir-186-prec,hsa-miR-186,Homo sapiens,yes,NA
hsa-mir-190-prec,hsa-miR-190,Homo sapiens,yes,NA
hsa-mir-193-precNo1,hsa-mir-193a,Homo sapiens,no,NA
hsa-mir-202-prec,hsa-miR-202,Homo sapiens,yes,NA
hsa-mir-204-precNo2,hsa-mir-204,Homo sapiens,no,NA
hsa-mir-208-prec,hsa-miR-208a,Homo sapiens,yes,NA
hsa-mir-218-2-precNo1,hsa-miR-218-2*,Homo sapiens,yes,NA
hsa-mir-221-prec,hsa-miR-221,Homo sapiens,yes,NA
hsa-mir-224-prec,hsa-miR-224,Homo sapiens,yes,NA
mmu-mir-099b-precNo2,mmu-miR-99b,Mus musculus,yes,NA
mmu-mir-122a-precNo2,mmu-miR-122,Mus musculus,yes,NA
mmu-mir-125a-prec,mmu-mir-125a,Mus musculus,no,NA
mmu-mir-29b-1No1,mmu-miR-29b,Mus musculus,yes,NA
mmu-mir-124a-2No1,mmu-mir-124-2,Mus musculus,no,NA
mmu-mir-130aNo1,mmu-miR-130a,Mus musculus,yes,NA
mmu-mir-291No1,mmu-mir-291a,Mus musculus,no,NA
mmu-mir-295No1,mmu-miR-295,Mus musculus,yes,NA
mmu-mir-323No1,mmu-mir-323,Mus musculus,no,NA
mmu-mir-329No1,mmu-miR-329,Mus musculus,yes,NA
mmu-mir-148bNo1,mmu-miR-148b,Mus musculus,yes,NA
mmu-mir-133bNo1,mmu-miR-133b,Mus musculus,yes,NA
hsa-mir-18bNo2,hsa-miR-18b*,Homo sapiens,yes,NA
hsa-mir-146bNo2,hsa-mir-146b,Homo sapiens,no,NA
hsa-mir-193bNo2,hsa-miR-193b*,Homo sapiens,yes,NA
hsa-mir-365-2No2,hsa-mir-365-2,Homo sapiens,no,NA
hsa-mir-376bNo1,hsa-miR-376b,Homo sapiens,yes,NA
hsa-mir-378No1,hsa-miR-378*,Homo sapiens,yes,NA
hsa-mir-412No1,hsa-miR-412,Homo sapiens,yes,NA
hsa-mir-423No1,hsa-mir-423,Homo sapiens,no,NA
hsa-mir-425No1,hsa-miR-425*,Homo sapiens,yes,NA
hsa-mir-450-2No2,hsa-mir-450a-2,Homo sapiens,no,NA
hsa-mir-452*,hsa-miR-452,Homo sapiens,yes,NA
hsa-mir-455No2,hsa-mir-455,Homo sapiens,no,NA
hsa-let-7g-precNo1,hsa-let-7g,Homo sapiens,yes,NA
hsa-mir-007-1-prec,hsa-miR-7,Homo sapiens,yes,NA
hsa-mir-007-3-precNo2,hsa-miR-7,Homo sapiens,yes,NA
hsa-mir-016b-chr3,hsa-miR-16,Homo sapiens,yes,NA
hsa-mir-019a-prec,hsa-miR-19a,Homo sapiens,yes,NA
hsa-mir-021-prec-17No1,hsa-miR-21,Homo sapiens,yes,NA
hsa-mir-029a-2No2,hsa-miR-29a*,Homo sapiens,yes,NA
hsa-mir-030b-precNo1,hsa-miR-30b,Homo sapiens,yes,NA
hsa-mir-030d-precNo2,hsa-miR-30d,Homo sapiens,yes,NA
mmu-mir-129-2No1,mmu-mir-129-2,Mus musculus,no,NA
mmu-mir-298No1,mmu-miR-298,Mus musculus,yes,NA
mmu-let-7c-1No1,mmu-let-7c,Mus musculus,yes,NA
mmu-let-7f-2No1,mmu-let-7f,Mus musculus,yes,NA
mmu-mir-18No1,mmu-mir-18a,Mus musculus,no,NA
mmu-mir-351No1,mmu-miR-351,Mus musculus,yes,NA
mmu-mir-218-1No1,mmu-mir-218-1,Mus musculus,no,NA
hsa-mir-181b-1No1,hsa-miR-181b,Homo sapiens,yes,NA
hsa-mir-194-2No1,hsa-miR-194,Homo sapiens,yes,NA
hsa-mir-21No1,hsa-miR-21,Homo sapiens,yes,NA
hsa-mir-339No1,hsa-mir-339,Homo sapiens,no,NA
hsa-mir-34bNo1,hsa-miR-34b*,Homo sapiens,yes,NA
hsa-let-7iNo2,hsa-let-7i*,Homo sapiens,yes,NA
hsa-mir-194-1No2,hsa-mir-194-1,Homo sapiens,no,NA
hsa-mir-196bNo2,hsa-mir-196b,Homo sapiens,no,NA
hsa-mir-26a-1No2,hsa-miR-26a-1*,Homo sapiens,yes,NA
hsa-mir-34aNo2,hsa-mir-34a,Homo sapiens,no,NA
hsa-mir-374No2,hsa-miR-374a*,Homo sapiens,yes,NA
hsa-mir-520fNo2,hsa-mir-520f,Homo sapiens,no,NA
hsa-mir-520hNo2,hsa-mir-520h,Homo sapiens,no,NA
hsa-mir-521-2No2,hsa-mir-521-2,Homo sapiens,no,NA
hsa-mir-527No2,hsa-mir-527,Homo sapiens,no,NA
mmu-mir-297-2No2,mmu-mir-297a-2,Mus musculus,no,NA
mmu-mir-363No2,mmu-mir-363,Mus musculus,no,NA
mmu-mir-378No2,mmu-miR-378,Mus musculus,yes,NA
mmu-mir-3803p,mmu-miR-380-3p,Mus musculus,yes,NA
mmu-mir-383No1,mmu-miR-383,Mus musculus,yes,NA
mmu-mir-431No2,mmu-miR-431*,Mus musculus,yes,NA
mmu-mir-4343p,mmu-mir-434,Mus musculus,no,NA
mmu-mir-449No2,mmu-mir-449a,Mus musculus,no,NA
hsa_mir_490_Hcd20 right,hsa-miR-490-3p,Homo sapiens,yes,NA
hsa-mir-195-prec,hsa-miR-195,Homo sapiens,yes,NA
hsa-mir-196-2-precNo2,hsa-miR-196a,Homo sapiens,yes,NA
hsa-mir-199a-2-prec,hsa-mir-199a-2,Homo sapiens,no,NA
hsa-mir-212-precNo1,hsa-miR-212,Homo sapiens,yes,NA
hsa-mir-214-prec,hsa-miR-214,Homo sapiens,yes,NA
hsa-mir-216-precNo2,hsa-miR-216a,Homo sapiens,yes,NA
mmu-mir-001b-prec,mmu-mir-1,Mus musculus,yes,NA
mmu-mir-010b-prec,mmu-miR-10b,Mus musculus,yes,NA
mmu-mir-030b-prec,mmu-miR-30b,Mus musculus,yes,NA
mmu-mir-128-precNo1,mmu-miR-128,Mus musculus,yes,NA
mmu-mir-130-prec,mmu-miR-130a,Mus musculus,yes,NA
mmu-mir-134-precNo1,mmu-mir-134,Mus musculus,no,NA
mmu-mir-133a-1No1,mmu-miR-133a,Mus musculus,yes,NA
mmu-mir-194-1No1,mmu-mir-194-1,Mus musculus,no,NA
mmu-mir-148aNo1,mmu-miR-148a,Mus musculus,yes,NA
mmu-mir-29aNo1,mmu-miR-29a,Mus musculus,yes,NA
mmu-mir-92-2No1,mmu-miR-92a,Mus musculus,yes,NA
mmu-mir-342No1,mmu-mir-342,Mus musculus,no,NA
mmu-mir-107No1,mmu-miR-107,Mus musculus,yes,NA
mmu-mir-200cNo1,mmu-miR-200c,Mus musculus,yes,NA
hsa-mir-329-1No2,hsa-mir-329-1,Homo sapiens,no,NA
hsa-mir-361No2,hsa-miR-361-3p,Homo sapiens,yes,NA
hsa-mir-363No2,hsa-miR-363*,Homo sapiens,yes,NA
hsa-mir-380-5p,hsa-miR-380*,Homo sapiens,yes,NA
hsa-mir-382,hsa-miR-382,Homo sapiens,yes,NA
hsa-mir-409-5p,hsa-miR-409-5p,Homo sapiens,yes,NA
hsa-mir-431No1,hsa-miR-431,Homo sapiens,yes,NA
hsa-mir-433No1,hsa-miR-433,Homo sapiens,yes,NA
hsa-mir-449No1,hsa-miR-449a,Homo sapiens,yes,NA
hsa-mir-485-5p,hsa-mir-485,Homo sapiens,no,NA
hsa-mir-487No2,hsa-mir-487a,Homo sapiens,no,NA
hsa-mir-489No2,hsa-mir-489,Homo sapiens,no,NA
hsa-mir-032-precNo2,hsa-miR-32,Homo sapiens,yes,NA
hsa-mir-034-precNo2,hsa-miR-34a*,Homo sapiens,yes,NA
hsa-mir-093-prec-7.1=093-1,hsa-miR-93,Homo sapiens,yes,NA
hsa-mir-106-prec-X,hsa-miR-106a,Homo sapiens,yes,NA
hsa-mir-123-precNo2,hsa-miR-126,Homo sapiens,yes,NA
hsa-mir-125a-precNo1,hsa-mir-125a,Homo sapiens,no,NA
hsa-mir-133a-1,hsa-miR-133a,Homo sapiens,yes,NA
hsa-mir-135-1-prec,hsa-miR-135a,Homo sapiens,yes,NA
hsa-mir-137-prec,hsa-miR-137,Homo sapiens,yes,NA
hsa-mir-149-prec,hsa-miR-149,Homo sapiens,yes,NA
hsa-mir-152-precNo2,hsa-mir-152,Homo sapiens,no,NA
hsa-mir-154-prec1No1,hsa-miR-154,Homo sapiens,yes,NA
mmu-mir-15bNo2,mmu-miR-15b*,Mus musculus,yes,NA
mmu-mir-135a-2No2,mmu-mir-135a-2,Mus musculus,no,NA
mmu-mir-34bNo2,mmu-mir-34b,Mus musculus,no,NA
mmu-mir-30c-1No2,mmu-miR-30c-1*,Mus musculus,yes,NA
mmu-mir-196a-1No2,mmu-mir-196a-1,Mus musculus,no,NA
mmu-mir-26a-1No2,mmu-mir-26a-1,Mus musculus,no,NA
mmu-mir-93No2,mmu-miR-93*,Mus musculus,yes,NA
mmu-mir-321No2,mmu-mir-321,Mus musculus,no,NA
mmu-mir-7-1No2,mmu-miR-7a*,Mus musculus,yes,NA
hsa-mir-101-1No1,hsa-miR-101,Homo sapiens,yes,NA
hsa-mir-1-2No1,hsa-miR-1,Homo sapiens,yes,NA
hsa-mir-148aNo1,hsa-miR-148a,Homo sapiens,yes,NA
hsa-mir-331No1,hsa-mir-331,Homo sapiens,no,NA
hsa-mir-342No1,hsa-mir-342,Homo sapiens,no,NA
hsa-mir-370No1,hsa-miR-370,Homo sapiens,yes,NA
hsa-mir-29b-1No2,hsa-miR-29b-1*,Homo sapiens,yes,NA
hsa-mir-302cNo2,hsa-miR-302c*,Homo sapiens,yes,NA
hsa-mir-324No2,hsa-mir-324,Homo sapiens,no,NA
mmu-mir-451No2,mmu-miR-451,Mus musculus,yes,NA
mmu-mir-463No2,mmu-miR-463,Mus musculus,yes,NA
mmu-mir-465No2,mmu-miR-465a-3p,Mus musculus,yes,NA
mmu-mir-136-prec,mmu-miR-136,Mus musculus,yes,NA
mmu-mir-141-prec,mmu-miR-141,Mus musculus,yes,NA
mmu-mir-145-prec,mmu-miR-145,Mus musculus,yes,NA
mmu-mir-187-prec,mmu-miR-187,Mus musculus,yes,NA
mmu-mir-191-prec,mmu-miR-191,Mus musculus,yes,NA
mmu-mir-195-prec,mmu-miR-195,Mus musculus,yes,NA
mmu-mir-214-prec,mmu-miR-214,Mus musculus,yes,NA
mmu-mir-217-precNo1,mmu-miR-217,Mus musculus,yes,NA
mmu-mir-219-precNo1,mmu-miR-219,Mus musculus,yes,NA
mmu-mir-1-1No2,mmu-mir-1-1,Mus musculus,no,NA
mmu-mir-124a-1No2,mmu-miR-124*,Mus musculus,yes,NA
mmu-mir-128aNo2,mmu-mir-128-1,Mus musculus,no,NA
mmu-mir-200bNo2,mmu-miR-200b*,Mus musculus,yes,NA
mmu-mir-294No2,mmu-miR-294*,Mus musculus,yes,NA
mmu-mir-302No2,mmu-miR-302a*,Mus musculus,yes,NA
mmu-mir-322No2,mmu-miR-322,Mus musculus,yes,NA
mmu-mir-328No2,mmu-mir-328,Mus musculus,no,NA
mmu-mir-337No2,mmu-mir-337,Mus musculus,no,NA
mmu-mir-128bNo2,mmu-mir-128-2,Mus musculus,no,NA
hsa-mir-491No1,hsa-mir-491,Homo sapiens,no,NA
hsa-mir-493No1,hsa-miR-493*,Homo sapiens,yes,NA
hsa-mir-495No1,hsa-miR-495,Homo sapiens,yes,NA
hsa-mir-503No1,hsa-miR-503,Homo sapiens,yes,NA
hsa-mir-505No1,hsa-miR-505,Homo sapiens,yes,NA
hsa-mir-507No1,hsa-miR-507,Homo sapiens,yes,NA
hsa-mir-513-2No1,hsa-mir-513a-2,Homo sapiens,no,NA
hsa-mir-514-2&3No1,hsa-miR-514,Homo sapiens,yes,NA
hsa-mir-515-25p,hsa-miR-515-5p,Homo sapiens,yes,NA
hsa-mir-518a-1*,hsa-miR-527,Homo sapiens,yes,NA
hsa-mir-518bNo1,hsa-miR-518b,Homo sapiens,yes,NA
hsa-mir-518d/526a,hsa-mir-518d,Homo sapiens,no,NA
hsa-mir-098-prec-X,hsa-miR-98,Homo sapiens,yes,NA
hsa-mir-100-1/2-prec,hsa-miR-100,Homo sapiens,yes,NA
hsa-mir-102-prec-1,hsa-miR-29b,Homo sapiens,yes,NA
hsa-mir-125b-2-precNo2,hsa-miR-125b,Homo sapiens,yes,NA
hsa-mir-128b-precNo1,hsa-miR-128,Homo sapiens,yes,NA
hsa-mir-130a-precNo1,hsa-miR-130a*,Homo sapiens,yes,NA
hsa-mir-140No1,hsa-mir-140,Homo sapiens,no,NA
hsa-mir-142-prec,hsa-mir-142,Homo sapiens,no,NA
hsa-mir-145-prec,hsa-miR-145,Homo sapiens,yes,NA
hsa-mir-181a-precNo2,hsa-miR-181a-2*,Homo sapiens,yes,NA
hsa-mir-181c-precNo2,hsa-mir-181c,Homo sapiens,no,NA
hsa-mir-183-precNo2,hsa-miR-183*,Homo sapiens,yes,NA
mmu-mir-129-1No2,mmu-mir-129-1,Mus musculus,no,NA
mmu-mir-290No2,mmu-mir-290,Mus musculus,no,NA
mmu-mir-297-1No2,mmu-mir-297a-1,Mus musculus,no,NA
mmu-let-7bNo2,mmu-let-7b*,Mus musculus,yes,NA
mmu-let-7f-1No2,mmu-let-7f*,Mus musculus,yes,NA
mmu-mir-16-2No2,mmu-mir-16-2,Mus musculus,no,NA
mmu-mir-346No2,mmu-mir-346,Mus musculus,no,NA
mmu-mir-10a-2No2,mmu-mir-10a,Mus musculus,no,NA
mmu-mir-139No2,mmu-mir-139,Mus musculus,no,NA
mmu-mir-196bNo2,mmu-mir-196b,Mus musculus,no,NA
hsa-mir-29b-1No1,hsa-miR-29b,Homo sapiens,yes,NA
hsa-mir-302cNo1,hsa-miR-302c,Homo sapiens,yes,NA
hsa-mir-324No1,hsa-mir-324,Homo sapiens,no,NA
hsa-mir-101-1No2,hsa-miR-101*,Homo sapiens,yes,NA
hsa-mir-1-2No2,hsa-mir-1-2,Homo sapiens,no,NA
hsa-mir-148aNo2,hsa-miR-148a*,Homo sapiens,yes,NA
hsa-mir-331No2,hsa-mir-331,Homo sapiens,no,NA
hsa-mir-342No2,hsa-mir-342,Homo sapiens,no,NA
hsa-mir-370No2,hsa-mir-370,Homo sapiens,no,NA
mmu-mir-467No2,mmu-miR-467a,Mus musculus,yes,NA
mmu-mir-470No1,mmu-miR-470,Mus musculus,yes,NA
mmu-mir-483No1,mmu-miR-483*,Mus musculus,yes,NA
mmu-mir-151-prec,mmu-miR-151-3p,Mus musculus,yes,NA
mmu-mir-155-prec,mmu-miR-155,Mus musculus,yes,NA
mmu-mir-183-precNo2,mmu-miR-183,Mus musculus,yes,NA
mmu-mir-200a-precNo2,mmu-miR-200b*,Mus musculus,yes,NA
mmu-mir-203-precNo2,mmu-miR-203,Mus musculus,yes,NA
mmu-mir-207-prec,mmu-miR-207,Mus musculus,yes,NA
mmu-mir-222-prec,mmu-miR-222,Mus musculus,yes,NA
mmu-mir-24-2No2,mmu-miR-24-2*,Mus musculus,yes,NA
mmu-mir-19b-2No2,mmu-mir-19b-2,Mus musculus,no,NA
mmu-mir-23aNo2,mmu-mir-23a,Mus musculus,no,NA
mmu-mir-92-1No2,mmu-mir-92a-1,Mus musculus,no,NA
mmu-mir-341No2,mmu-mir-341,Mus musculus,no,NA
mmu-mir-101bNo2,mmu-mir-101b,Mus musculus,no,NA
mmu-mir-25No2,mmu-mir-25,Mus musculus,no,NA
hsa-mir-497No1,hsa-miR-497,Homo sapiens,yes,NA
hsa-mir-499No1,hsa-mir-499,Homo sapiens,no,NA
hsa-mir-501No1,hsa-miR-501-5p,Homo sapiens,yes,NA
hsa-mir-509No1,hsa-mir-509-3,Homo sapiens,no,NA
hsa-mir-511-1No1,hsa-miR-511,Homo sapiens,yes,NA
hsa-mir-512-1&25p,hsa-mir-512-2,Homo sapiens,no,NA
hsa-mir-516-2No1,hsa-mir-516a-2,Homo sapiens,no,NA
hsa-mir-516-45p,hsa-miR-516b,Homo sapiens,yes,NA
hsa-mir-517b*,hsa-miR-517*,Homo sapiens,yes,NA
hsa-mir-518f*,hsa-miR-518f*,Homo sapiens,yes,NA
hsa-mir-519a-2No1,hsa-miR-519a,Homo sapiens,yes,NA
hsa-mir-519c/526c,hsa-mir-519c,Homo sapiens,no,NA
hsa-let-7a-2-precNo1,hsa-let-7a-2,Homo sapiens,no,NA
hsa-let-7c-prec,hsa-let-7c,Homo sapiens,yes,NA
hsa-let-7d-v2-precNo2,hsa-let-7i,Homo sapiens,yes,NA
hsa-mir-009-2No1,hsa-miR-9,Homo sapiens,yes,NA
hsa-mir-010a-precNo1,hsa-miR-10a,Homo sapiens,yes,NA
hsa-mir-015a-2-precNo1,hsa-miR-15a,Homo sapiens,yes,NA
hsa-mir-023a-prec,hsa-miR-23a,Homo sapiens,yes,NA
hsa-mir-024-2-prec,hsa-miR-24,Homo sapiens,yes,NA
hsa-mir-026b-prec,hsa-miR-26b,Homo sapiens,yes,NA
mmu-mir-15bNo1,mmu-mir-15b,Mus musculus,no,NA
mmu-mir-135a-2No1,mmu-miR-135a,Mus musculus,yes,NA
mmu-mir-34bNo1,mmu-mir-34b,Mus musculus,no,NA
mmu-mir-30c-1No1,mmu-miR-30c,Mus musculus,yes,NA
mmu-mir-196a-1No1,mmu-miR-196a,Mus musculus,yes,NA
mmu-mir-26a-1No1,mmu-miR-26a,Mus musculus,yes,NA
mmu-mir-93No1,mmu-miR-93,Mus musculus,yes,NA
mmu-mir-321No1,mmu-mir-321,Mus musculus,no,NA
mmu-mir-7-1No1,mmu-mir-7a-1,Mus musculus,no,NA
hsa-let-7iNo1,hsa-let-7i,Homo sapiens,yes,NA
hsa-mir-106bNo1,hsa-miR-106b,Homo sapiens,yes,NA
hsa-mir-135a-2No1,hsa-miR-135a,Homo sapiens,yes,NA
hsa-mir-26a-1No1,hsa-miR-26a,Homo sapiens,yes,NA
hsa-miR-302b*No1,hsa-miR-302b*,Homo sapiens,yes,NA
hsa-mir-30eNo1,hsa-miR-30e,Homo sapiens,yes,NA
hsa-mir-106aNo2,hsa-miR-106a*,Homo sapiens,yes,NA
hsa-mir-135a-1No2,hsa-miR-135a*,Homo sapiens,yes,NA
hsa-mir-16-1No2,hsa-miR-16-1*,Homo sapiens,yes,NA
hsa-mir-299No2,hsa-mir-299,Homo sapiens,no,NA
hsa-mir-30c-2No2,hsa-miR-30c-2*,Homo sapiens,yes,NA
hsa-mir-325No2,hsa-mir-325,Homo sapiens,no,NA
hsa-mir-519e*,hsa-miR-519e*,Homo sapiens,yes,NA
hsa-mir-520bNo1,hsa-miR-520b,Homo sapiens,yes,NA
hsa-mir-520d*,hsa-mir-520d,Homo sapiens,no,NA
hsa-mir-523/526c,hsa-miR-523*,Homo sapiens,yes,NA
hsa-mir-525,hsa-mir-525,Homo sapiens,no,NA
hsa-mir-526a-2No1,hsa-miR-526a,Homo sapiens,yes,NA
mmu-mir-365-2No1,mmu-miR-365,Mus musculus,yes,NA
mmu-mir-375No1,hsa-miR-375,Homo sapiens,yes,NA
mmu-mir-376bNo1,mmu-miR-376b,Mus musculus,yes,NA
mmu-mir-409No1,mmu-miR-409-3p,Mus musculus,yes,NA
mmu-mir-411No1,mmu-miR-411*,Mus musculus,yes,NA
mmu-mir-425No1,mmu-miR-425*,Mus musculus,yes,NA
hsa-mir-185-precNo2,hsa-miR-185*,Homo sapiens,yes,NA
hsa-mir-188-prec,hsa-mir-188,Homo sapiens,no,NA
hsa-mir-192-2/3No2,hsa-mir-192,Homo sapiens,no,NA
hsa-mir-200a-prec,hsa-miR-200b,Homo sapiens,yes,NA
hsa-mir-204-precNo1,hsa-miR-204,Homo sapiens,yes,NA
hsa-mir-206-precNo2,hsa-mir-206,Homo sapiens,no,NA
hsa-mir-218-1-prec,hsa-miR-218,Homo sapiens,yes,NA
hsa-mir-220-prec,hsa-miR-220a,Homo sapiens,yes,NA
hsa-mir-223-prec,hsa-miR-223,Homo sapiens,yes,NA
mmu-mir-099b-precNo1,mmu-miR-99b*,Mus musculus,yes,NA
mmu-mir-122a-precNo1,mmu-mir-122,Mus musculus,no,NA
mmu-mir-124a-prec,mmu-miR-124,Mus musculus,yes,NA
mmu-mir-1-1No1,mmu-miR-1,Mus musculus,yes,NA
mmu-mir-124a-1No1,mmu-miR-124,Mus musculus,yes,NA
mmu-mir-128aNo1,mmu-miR-128,Mus musculus,yes,NA
mmu-mir-200bNo1,mmu-miR-200b,Mus musculus,yes,NA
mmu-mir-294No1,mmu-miR-294,Mus musculus,yes,NA
mmu-mir-302No1,mmu-miR-302a,Mus musculus,yes,NA
mmu-mir-322No1,mmu-miR-322*,Mus musculus,yes,NA
mmu-mir-328No1,mmu-miR-328,Mus musculus,yes,NA
mmu-mir-337No1,mmu-mir-337,Mus musculus,no,NA
mmu-mir-128bNo1,mmu-miR-128,Mus musculus,yes,NA
hsa-mir-18bNo1,hsa-miR-18b,Homo sapiens,yes,NA
hsa-mir-146bNo1,hsa-miR-146b-5p,Homo sapiens,yes,NA
hsa-mir-193bNo1,hsa-miR-193b,Homo sapiens,yes,NA
hsa-mir-365-2No1,hsa-miR-365,Homo sapiens,yes,NA
hsa-mir-376aNo2,hsa-miR-376a*,Homo sapiens,yes,NA
hsa-mir-377No2,hsa-miR-377*,Homo sapiens,yes,NA
hsa-mir-410No2,hsa-mir-410,Homo sapiens,no,NA
hsa-mir-422aNo2,hsa-mir-422a,Homo sapiens,no,NA
hsa-mir-424No2,hsa-miR-424*,Homo sapiens,yes,NA
hsa-mir-450-2No1,hsa-miR-450a,Homo sapiens,yes,NA
hsa-mir-452,hsa-miR-452,Homo sapiens,yes,NA
hsa-mir-455No1,hsa-mir-455,Homo sapiens,no,NA
hsa-let-7f-2-prec2,hsa-let-7f,Homo sapiens,yes,NA
hsa-mir-001b-2-prec,hsa-miR-1,Homo sapiens,yes,NA
hsa-mir-007-3-precNo1,hsa-mir-7-3,Homo sapiens,no,NA
hsa-mir-016a-chr13,hsa-miR-16,Homo sapiens,yes,NA
hsa-mir-018-prec,hsa-miR-18a,Homo sapiens,yes,NA
hsa-mir-020-prec,hsa-miR-20a,Homo sapiens,yes,NA
hsa-mir-029a-2No1,hsa-miR-29a,Homo sapiens,yes,NA
hsa-mir-030a-precNo2,hsa-miR-30a*,Homo sapiens,yes,NA
hsa-mir-030d-precNo1,hsa-miR-30d*,Homo sapiens,yes,NA
mmu-mir-129-1No1,mmu-mir-129-1,Mus musculus,no,NA
mmu-mir-290No1,mmu-miR-290-5p,Mus musculus,yes,NA
mmu-mir-297-1No1,mmu-miR-297a,Mus musculus,yes,NA
mmu-let-7bNo1,mmu-let-7b,Mus musculus,yes,NA
mmu-let-7f-1No1,mmu-let-7f,Mus musculus,yes,NA
mmu-mir-16-2No1,mmu-miR-16,Mus musculus,yes,NA
mmu-mir-346No1,mmu-miR-346,Mus musculus,yes,NA
mmu-mir-10a-2No1,mmu-mir-10a,Mus musculus,no,NA
mmu-mir-139No1,mmu-mir-139,Mus musculus,no,NA
mmu-mir-196bNo1,mmu-miR-196b,Mus musculus,yes,NA
hsa-mir-16-2No1,hsa-miR-16,Homo sapiens,yes,NA
hsa-mir-194-1No1,hsa-miR-194,Homo sapiens,yes,NA
hsa-mir-196bNo1,hsa-miR-196b,Homo sapiens,yes,NA
hsa-mir-335No1,hsa-miR-335,Homo sapiens,yes,NA
hsa-mir-34aNo1,hsa-miR-34a,Homo sapiens,yes,NA
hsa-mir-374No1,hsa-miR-374a,Homo sapiens,yes,NA
hsa-mir-192No2,hsa-mir-192,Homo sapiens,no,NA
hsa-mir-196a-2No2,hsa-mir-196a-2,Homo sapiens,no,NA
hsa-mir-219-2No2,hsa-mir-219-2,Homo sapiens,no,NA
hsa-mir-346No2,hsa-mir-346,Homo sapiens,no,NA
hsa-miR-373*No2,hsa-miR-373,Homo sapiens,yes,NA
mmu-mir-486No2,mmu-mir-486,Mus musculus,no,NA
hsa-mir-520fNo1,hsa-miR-520f,Homo sapiens,yes,NA
hsa-mir-520hNo1,hsa-miR-520h,Homo sapiens,yes,NA
hsa-mir-521-2No1,hsa-miR-521,Homo sapiens,yes,NA
hsa-mir-527No1,hsa-miR-527,Homo sapiens,yes,NA
mmu-mir-297-2No1,mmu-miR-297a,Mus musculus,yes,NA
mmu-mir-363No1,mmu-miR-363,Mus musculus,yes,NA
mmu-mir-378No1,hsa-miR-378*,Homo sapiens,yes,NA
mmu-mir-3805p,mmu-miR-380-5p,Mus musculus,yes,NA
mmu-mir-382,hsa-miR-382,Homo sapiens,yes,NA
mmu-mir-431No1,mmu-miR-431,Mus musculus,yes,NA
mmu-mir-4345p,mmu-mir-434,Mus musculus,no,NA
mmu-mir-449No1,mmu-miR-449a,Mus musculus,yes,NA
hsa-mir-194-precNo2,hsa-mir-194-1,Homo sapiens,no,NA
hsa-mir-196-2-precNo1,hsa-mir-196a-2,Homo sapiens,no,NA
hsa-mir-199a-1-prec,hsa-mir-199a-1,Homo sapiens,no,NA
hsa-mir-211-precNo2,hsa-mir-211,Homo sapiens,no,NA
hsa-mir-213-precNo2,hsa-mir-181b-1,Homo sapiens,no,NA
hsa-mir-216-precNo1,hsa-mir-216a,Homo sapiens,no,NA
mmu-let-7i-prec,mmu-let-7i,Mus musculus,yes,NA
mmu-mir-009-precNo2,mmu-miR-9*,Mus musculus,yes,NA
mmu-mir-029b-prec,mmu-miR-29b,Mus musculus,yes,NA
mmu-mir-127-prec,mmu-miR-127,Mus musculus,yes,NA
mmu-mir-129-prec,mmu-miR-129-5p,Mus musculus,yes,NA
mmu-mir-133-prec,mmu-miR-133a,Mus musculus,yes,NA
mmu-mir-24-2No1,mmu-mir-24-2,Mus musculus,no,NA
mmu-mir-19b-2No1,mmu-miR-19b,Mus musculus,yes,NA
mmu-mir-23aNo1,mmu-miR-23a,Mus musculus,yes,NA
mmu-mir-92-1No1,mmu-miR-92a,Mus musculus,yes,NA
mmu-mir-341No1,mmu-miR-341,Mus musculus,yes,NA
mmu-mir-101bNo1,mmu-miR-101b,Mus musculus,yes,NA
mmu-mir-25No1,mmu-miR-25,Mus musculus,yes,NA
hsa-mir-329-1No1,hsa-miR-329,Homo sapiens,yes,NA
hsa-mir-361No1,hsa-miR-361-5p,Homo sapiens,yes,NA
hsa-mir-363No1,hsa-miR-363,Homo sapiens,yes,NA
hsa-mir-379No2,hsa-miR-379*,Homo sapiens,yes,NA
hsa-mir-381No2,hsa-mir-381,Homo sapiens,no,NA
hsa-mir-384,hsa-miR-384,Homo sapiens,yes,NA
hsa-mir-429No2,hsa-mir-429,Homo sapiens,no,NA
hsa-mir-4323p,hsa-miR-432*,Homo sapiens,yes,NA
hsa-mir-448No2,hsa-mir-448,Homo sapiens,no,NA
hsa-mir-484,hsa-miR-484,Homo sapiens,yes,NA
hsa-mir-487No1,hsa-miR-487a,Homo sapiens,yes,NA
hsa-mir-489No1,hsa-miR-489,Homo sapiens,yes,NA
